Team,"Name of University (If Applicable)",Address,"M/F or Coed","Team Email:",Active,Latitude,Longitude,"Accuracy Score","Accuracy Type",Number,Street,"Unit Type","Unit Number",City,State,County,Zip,Country,Source
"AKH Mastani","Texas A&M University","College Station, TX",Coed,akhmastani.tamu@gmail.com,Y,30.609093,-96.325984,1,place,,,,,"College Station",TX,"Brazos County",77840,US,"TIGER/Line® dataset from the US Census Bureau"
"Alabama Apsara","University of Alabama","Birmingham, AL",F,alapsara16@gmail.com,Y,33.456412,-86.801904,1,place,,,,,Birmingham,AL,"Jefferson County",35201,US,"TIGER/Line® dataset from the US Census Bureau"
"ASU Andaaz","Arizona State University","Tempe, AZ",Coed,asuandaaz@gmail.com,Y,33.401395,-111.931298,1,place,,,,,Tempe,AZ,"Maricopa County",85280,US,"TIGER/Line® dataset from the US Census Bureau"
"ATL Insaafi","Georgia Institute of Technology, Georgia State University, Kennesaw State University ","Atlanta, GA ",Coed,atl.insaafi@gmail.com,Y,33.844371,-84.47405,1,place,,,,,Atlanta,GA,"Fulton County",30301,US,"TIGER/Line® dataset from the US Census Bureau"
"ATL Satrangi","Georgia Institute of Technology, Emory University","Atlanta, GA",F,team.satrangi@gmail.com,Y,33.844371,-84.47405,1,place,,,,,Atlanta,GA,"Fulton County",30301,US,"TIGER/Line® dataset from the US Census Bureau"
"ATL Tanishq","Georgia Institute of Technology, Georgia State University, Emory University ","Atlanta, GA",F,atltanishq@gmail.com,Y,33.844371,-84.47405,1,place,,,,,Atlanta,GA,"Fulton County",30301,US,"TIGER/Line® dataset from the US Census Bureau"
"AU Jhatka","Augusta Univerity","Augusta, GA",Coed,grujhatka@gmail.com,Y,33.456687,-81.969184,1,place,,,,,Augusta,GA,"Richmond County",30901,US,"TIGER/Line® dataset from the US Census Bureau"
"AU Sapna","Adelphi University","Garden City, NY",Coed,"adelphisapna@gmail.com,",Y,40.726801,-73.639723,1,place,,,,,"Garden City",NY,"Nassau County",11530,US,"TIGER/Line® dataset from the US Census Bureau"
"Baylor Taal","Baylor University","Waco, TX",F,baylortaal@gmail.com,Y,31.552011,-97.1382,1,place,,,,,Waco,TX,"McLennan County",76701,US,"TIGER/Line® dataset from the US Census Bureau"
"BC Masti","Boston College","Boston, MA",Coed,bc.masti@gmail.com,Y,42.370567,-71.026964,1,place,,,,,Boston,MA,"Suffolk County",02101,US,"TIGER/Line® dataset from the US Census Bureau"
"Binghamton Masti","State University of New York - Binghamton","Binghamton, NY",F,masti@binghamtonsa.org,Y,42.165629,-75.890685,1,place,,,,,Binghamton,NY,"Broome County",13901,US,"TIGER/Line® dataset from the US Census Bureau"
"Boston Bollywood Xtreme",-,"Boston, MA",Coed,,Y,42.370567,-71.026964,1,place,,,,,Boston,MA,"Suffolk County",02101,US,"TIGER/Line® dataset from the US Census Bureau"
"Broad Street Baadshahz",-,"Philadelphia,PA ",M,baadshah.ent@gmail.com,Y,40.001811,-75.11787,1,place,,,,,Philadelphia,PA,"Philadelphia County",19019,US,"TIGER/Line® dataset from the US Census Bureau"
"Brown Badmaash","Brown University","Providence, RI",Coed,brownbadmaash@gmail.com,Y,41.82275,-71.414451,1,place,,,,,Providence,RI,"Providence County",02901,US,"TIGER/Line® dataset from the US Census Bureau"
"BU Chankaar","Boston University","Boston, MA",F,chankaar@gmail.com,Y,42.370567,-71.026964,1,place,,,,,Boston,MA,"Suffolk County",02101,US,"TIGER/Line® dataset from the US Census Bureau"
"BU Jalwa","Boston University","Boston, MA",Coed,jalwabu@gmail.com,Y,42.370567,-71.026964,1,place,,,,,Boston,MA,"Suffolk County",02101,US,"TIGER/Line® dataset from the US Census Bureau"
"BU KhaTarnaK","Boston University","Boston, MA","M ",khatarnak.bu@gmail.com,Y,42.370567,-71.026964,1,place,,,,,Boston,MA,"Suffolk County",02101,US,"TIGER/Line® dataset from the US Census Bureau"
"Buckeye Fusion","Ohio State University","Columbus, OH ",F,buckeyefusion@gmail.com,Y,40.100924,-83.013402,1,place,,,,,Columbus,OH,"Franklin County",43085,US,"TIGER/Line® dataset from the US Census Bureau"
"Buffalo Zeal","University of Buffalo","Buffalo, NY",F,ubzeal@gmail.com,Y,42.89606,-78.886424,1,place,,,,,Buffalo,NY,"Erie County",14201,US,"TIGER/Line® dataset from the US Census Bureau"
"Bulls Nakhra","University of South Florida","Tampa, FL ",Coed,bullsnakhra@gmail.com,Y,27.996097,-82.582035,1,place,,,,,Tampa,FL,"Hillsborough County",33601,US,"TIGER/Line® dataset from the US Census Bureau"
"Case Kismat","Case Western Reserve University","Cleveland, OH",Coed,casekismatexec@gmail.com,Y,41.489381,-81.667486,1,place,,,,,Cleveland,OH,"Cuyahoga County",44101,US,"TIGER/Line® dataset from the US Census Bureau"
"Chicago Adaa",-,"Chicago, IL",Coed,chicagoadaa@gmail.com,Y,41.88531,-87.62213,1,place,,,,,Chicago,IL,"Cook County",60601,US,"TIGER/Line® dataset from the US Census Bureau"
"Clemson Dholna","Clemson University","Clemson, SC",Coed,clemsondholna@gmail.com,Y,34.681567,-82.815832,1,place,,,,,Clemson,SC,"Pickens County",29631,US,"TIGER/Line® dataset from the US Census Bureau"
"CMU Jiya","Carnegie Mellon University","Pittsburgh, PA, ",F,cmu.jiya@gmail.com,Y,40.47441,-79.950968,1,place,,,,,Pittsburgh,PA,"Allegheny County",15201,US,"TIGER/Line® dataset from the US Census Bureau"
"CMU Sahara","Carnegie Mellon University","Pittsburgh, PA, ",Coed,cmusahara@gmail.com,Y,40.47441,-79.950968,1,place,,,,,Pittsburgh,PA,"Allegheny County",15201,US,"TIGER/Line® dataset from the US Census Bureau"
"Columbia Dhoom","Columbia University","New York City, NY",Coed,cudhoom@gmail.com,Y,40.68863,-74.018244,1,place,,,,,"New York",NY,"New York County",10004,US,"TIGER/Line® dataset from the US Census Bureau"
"Columbia Taal","Columbia University","New York City, NY",F,taal@columbia.edu,Y,40.68863,-74.018244,1,place,,,,,"New York",NY,"New York County",10004,US,"TIGER/Line® dataset from the US Census Bureau"
"Cornell Sitara","Cornell University","Ithaca, NY",Coed,cusitara@gmail.com,Y,42.402794,-76.483999,1,place,,,,,Ithaca,NY,"Tompkins County",14850,US,"TIGER/Line® dataset from the US Census Bureau"
"CSUF Nazara","California State University - Fullerton","Fullerton, CA ",Coed,csufnazara@gmail.com,Y,33.879768,-117.896341,1,place,,,,,Fullerton,CA,"Orange County",92831,US,"TIGER/Line® dataset from the US Census Bureau"
"Delaware Kamaal","University of Delaware","Newark, DE ",Coed,delawarekamaal@gmail.com,Y,39.614737,-75.701277,1,place,,,,,Newark,DE,"New Castle County",19702,US,"TIGER/Line® dataset from the US Census Bureau"
"Detroit Kohinoor",-,"Detroit, MI",M,"dance.kohinoor@gmail.com ",Y,42.347021,-83.060184,1,place,,,,,Detroit,MI,"Wayne County",48201,US,"TIGER/Line® dataset from the US Census Bureau"
"DFD Academy",-,"Boston, MA",Coed,devikafusiondance@gmail.com,Y,42.370567,-71.026964,1,place,,,,,Boston,MA,"Suffolk County",02101,US,"TIGER/Line® dataset from the US Census Bureau"
"Drexel Fanaa","Drexel University","Philadelphia, PA ",Coed,drexelfanaa@gmail.com,Y,40.001811,-75.11787,1,place,,,,,Philadelphia,PA,"Philadelphia County",19019,US,"TIGER/Line® dataset from the US Census Bureau"
"Drexel Jhalak","Drexel University","Philadelphia, PA ",F,drexeljhalak@gmail.com,Y,40.001811,-75.11787,1,place,,,,,Philadelphia,PA,"Philadelphia County",19019,US,"TIGER/Line® dataset from the US Census Bureau"
"Duke Rhydhun","Duke University","Durham, NC",Coed,dukerhydhun@gmail.com,Y,35.99924,-78.897944,1,place,,,,,Durham,NC,"Durham County",27701,US,"TIGER/Line® dataset from the US Census Bureau"
"Gator Adaa","University of Florida","Gainesville, FL",F,gatorfusion@gmail.com,Y,29.648993,-82.324515,1,place,,,,,Gainesville,FL,"Alachua County",32601,US,"TIGER/Line® dataset from the US Census Bureau"
"Georgia Saazish","University of Georgia","Athens, GA ",M,saazishdance@gmail.com,Y,33.992902,-83.353697,1,place,,,,,Athens,GA,"Clarke County",30601,US,"TIGER/Line® dataset from the US Census Bureau"
"Georgia Tech Nazaaqat","Georgia Institute of Technology","Atlanta, GA ",F,nazaaqat@gmail.com,Y,33.844371,-84.47405,1,place,,,,,Atlanta,GA,"Fulton County",30301,US,"TIGER/Line® dataset from the US Census Bureau"
"GT Qurbani","Georgia Institute of Technology","Atlanta, GA ",M,georgiatechqurbani@gmail.com,Y,33.844371,-84.47405,1,place,,,,,Atlanta,GA,"Fulton County",30301,US,"TIGER/Line® dataset from the US Census Bureau"
"GT Tufaan ","Georgia Institute of Technology, Georgia State University ","Atlanta, GA",Coed,tufaandance@gmail.com,Y,33.844371,-84.47405,1,place,,,,,Atlanta,GA,"Fulton County",30301,US,"TIGER/Line® dataset from the US Census Bureau"
"GW Chamak","George Washington University","Washington, DC",F,dancegwchamak@gmail.com,Y,38.911936,-77.016719,1,place,,,,,Washington,DC,"District of Columbia",20001,US,"TIGER/Line® dataset from the US Census Bureau"
"Harvard Raftaar",Harvard,"Cambridge, MA",Coed,harvardraftaar@gmail.com,Y,42.380442,-71.132947,1,place,,,,,Cambridge,MA,"Middlesex County",02138,US,"TIGER/Line® dataset from the US Census Bureau"
"Hoosier Hamzath","Indiana University","Bloomington, IN",M,iujhanak@gmail.com,Y,39.07881,-86.435094,1,place,,,,,Bloomington,IN,"Monroe County",47401,US,"TIGER/Line® dataset from the US Census Bureau"
"Houston Jannat","University of Houston","Houston, TX",Coed,houstonjannat@gmail.com,Y,29.813142,-95.309789,1,place,,,,,Houston,TX,"Harris County",77001,US,"TIGER/Line® dataset from the US Census Bureau"
"Iowa Andhi","University of Iowa","Iowa City, IA",Coed,iowa.andhi@gmail.com,Y,41.634209,-91.49905,1,place,,,,,"Iowa City",IA,"Johnson County",52240,US,"TIGER/Line® dataset from the US Census Bureau"
"ISU Bhakti","Illinois State University","Normal, Illinois",Coed,kkurian@ilstu.edu,Y,40.529083,-88.958937,1,place,,,,,Normal,IL,"McLean County",61761,US,"TIGER/Line® dataset from the US Census Bureau"
"IU Jhanak","Indiana University","Bloomington, IN",F,iujhanak@gmail.com,Y,39.07881,-86.435094,1,place,,,,,Bloomington,IN,"Monroe County",47401,US,"TIGER/Line® dataset from the US Census Bureau"
"JHU Josh","Johns Hopkins University","Baltimore, MD ",F,joshjohnshopkins@gmail.com,Y,39.296536,-76.623489,1,place,,,,,Baltimore,MD,"Baltimore city",21201,US,"TIGER/Line® dataset from the US Census Bureau"
"JHU Zinda","Johns Hopkins University","Baltimore, MD ",Coed,jhuzinda@gmail.com,Y,39.296536,-76.623489,1,place,,,,,Baltimore,MD,"Baltimore city",21201,US,"TIGER/Line® dataset from the US Census Bureau"
"KC Chakra","University of Missouri - Kansas City","Kansas City, MO",Coed,kcchakra4@gmail.com,Y,39.102404,-94.598583,1,place,,,,,"Kansas City",MO,"Jackson County",64101,US,"TIGER/Line® dataset from the US Census Bureau"
"Kentucky Karana","University of Kentucky","Lexington, KY",Coed,kentuckykarana@gmail.com,Y,38.037847,-84.61645,1,place,,,,,Lexington,KY,"Fayette County",40501,US,"TIGER/Line® dataset from the US Census Bureau"
"KU Jeeva","University of Kansas","Lawrence, KS",Coed,kansasjeevafusion@gmail.com,Y,39.023294,-95.208909,1,place,,,,,Lawrence,KS,"Douglas County",66044,US,"TIGER/Line® dataset from the US Census Bureau"
"LSU Rudra Fusion","Louisiana State University","Baton Rouge, LA",Coed,rudrafusionlsu@gmail.com,Y,30.44924,-91.185607,1,place,,,,,"Baton Rouge",LA,"East Baton Rouge Parish",70801,US,"TIGER/Line® dataset from the US Census Bureau"
"Macaulay Deewane","Macaulay Honors College","New York, NY ",Coed,deewane@macaulay.cuny.edu,Y,40.68863,-74.018244,1,place,,,,,"New York",NY,"New York County",10004,US,"TIGER/Line® dataset from the US Census Bureau"
"Marquette Mazaa","Marquette University","Milwaukee, WI",Coed,mazaamarquette@gmail.com,Y,43.011264,-87.958409,1,place,,,,,Milwaukee,WI,"Milwaukee County",53201,US,"TIGER/Line® dataset from the US Census Bureau"
"Maryland Dhoom","University of Maryland","College Park, MD",F,marylandhoom@gmail.com,Y,39.002867,-76.931652,1,place,,,,,"College Park",MD,"Prince George's County",20740,US,"TIGER/Line® dataset from the US Census Bureau"
"Mason Ke Rang","George Mason University","Fairfax, VA ",Coed,gmu.rang@gmail.com,Y,38.853231,-77.305097,1,place,,,,,Fairfax,VA,"Fairfax city",22030,US,"TIGER/Line® dataset from the US Census Bureau"
"Miami Nishaana","Miami University","Athens, OH",F,nishaanadance@gmail.com,Y,39.339279,-82.013803,1,place,,,,,Athens,OH,"Athens County",45701,US,"TIGER/Line® dataset from the US Census Bureau"
"Miami UJhoom","University of Miami","Miami, FL",F,ujhoom@gmail.com,Y,25.558428,-80.458168,1,place,,,,,Miami,FL,"Miami-Dade County",33231,US,"TIGER/Line® dataset from the US Census Bureau"
"Michigan Izzat","University of Michigan","Ann Arbor, MI",M,michiganizzat@gmail.com,Y,42.266638,-83.849042,1,place,,,,,"Ann Arbor",MI,"Washtenaw County",48103,US,"TIGER/Line® dataset from the US Census Bureau"
"Michigan Manzil","University of Michigan","Ann Arbor, MI",Coed,umichmanzil@gmail.com,Y,42.266638,-83.849042,1,place,,,,,"Ann Arbor",MI,"Washtenaw County",48103,US,"TIGER/Line® dataset from the US Census Bureau"
"MIchigan Taal","University of Michigan","Ann Arbor, MI ",F,michigantaal@gmail.com,Y,42.266638,-83.849042,1,place,,,,,"Ann Arbor",MI,"Washtenaw County",48103,US,"TIGER/Line® dataset from the US Census Bureau"
"Minnesota Junoon","University of Minnesota","Minneapolis, MN",Coed,mnjunoon@umn.edu,Y,44.984577,-93.269097,1,place,,,,,Minneapolis,MN,"Hennepin County",55401,US,"TIGER/Line® dataset from the US Census Bureau"
"MIT Mirchi","Massachusetts Institute of Technology","Cambridge, MA",Coed,mirchi-exec@mit.edu,Y,42.380442,-71.132947,1,place,,,,,Cambridge,MA,"Middlesex County",02138,US,"TIGER/Line® dataset from the US Census Bureau"
"NCSU Nazaare","North Carolina State University","Raleigh, NC",Coed,ncsunazaare@gmail.com,Y,35.773632,-78.634457,1,place,,,,,Raleigh,NC,"Wake County",27601,US,"TIGER/Line® dataset from the US Census Bureau"
"Northwestern Deeva","Northwestern University","Evanston, IL ",F,deevadance@gmail.com,Y,42.049148,-87.702155,1,place,,,,,Evanston,IL,"Cook County",60201,US,"TIGER/Line® dataset from the US Census Bureau"
"Nova Nassa","Villanova University","Villanova, PA",Coed,novanassa@gmail.com,Y,40.027909,-75.369458,1,place,,,,,Villanova,PA,"Delaware County",19085,US,"TIGER/Line® dataset from the US Census Bureau"
"NSU Maasti","Nova Southeastern University","Ft Lauderdale, FL",Coed,nsumaasti@gmail.com,Y,26.121323,-80.127909,1,place,,,,,"Fort Lauderdale",FL,"Broward County",33301,US,"TIGER/Line® dataset from the US Census Bureau"
"NU Rangila","Northeastern University","Boston, MA",F,rangilarhythms01@gmail.com,Y,42.370567,-71.026964,1,place,,,,,Boston,MA,"Suffolk County",02101,US,"TIGER/Line® dataset from the US Census Bureau"
"NYU Dillagi","New York University","New York, NY ",Coed,nyudillagi@gmail.com,Y,40.68863,-74.018244,1,place,,,,,"New York",NY,"New York County",10004,US,"TIGER/Line® dataset from the US Census Bureau"
"NYU Khalbali","New York University","New York, NY ",F,nyukhalbali@gmail.com,Y,40.68863,-74.018244,1,place,,,,,"New York",NY,"New York County",10004,US,"TIGER/Line® dataset from the US Census Bureau"
"NYU Nasha","New York University","New York, NY ",F,nyunasha@gmail.com,Y,40.68863,-74.018244,1,place,,,,,"New York",NY,"New York County",10004,US,"TIGER/Line® dataset from the US Census Bureau"
"NYU Pandemonium","New York University","New York, NY ","M ",nyupandemonium@gmail.com,Y,40.68863,-74.018244,1,place,,,,,"New York",NY,"New York County",10004,US,"TIGER/Line® dataset from the US Census Bureau"
"OSU Genesis","Ohio State University","Columbus, OH","M ",osugenesis@gmail.com,Y,40.100924,-83.013402,1,place,,,,,Columbus,OH,"Franklin County",43085,US,"TIGER/Line® dataset from the US Census Bureau"
"Penn Dhamaka","University of Pennsylvania","Philadephia, PA",M,board@penndhamaka.com,Y,40.902496,-77.833451,1,state,,,,,,PA,,,US,"US Census Bureau"
"Penn Masti","University of Pennsylvania","Philadelphia, PA",Coed,pennmasti@gmail.com,Y,40.001811,-75.11787,1,place,,,,,Philadelphia,PA,"Philadelphia County",19019,US,"TIGER/Line® dataset from the US Census Bureau"
"Philly Maza",-,"Philadelphia, PA",Coed,phillymaza@gmail.com,Y,40.001811,-75.11787,1,place,,,,,Philadelphia,PA,"Philadelphia County",19019,US,"TIGER/Line® dataset from the US Census Bureau"
"Pitt Mastana","University of Pittsburgh","Pittsburgh, PA",Coed,pittmastana@gmail.com,Y,40.47441,-79.950968,1,place,,,,,Pittsburgh,PA,"Allegheny County",15201,US,"TIGER/Line® dataset from the US Census Bureau"
"Princeton Naacho","Princeton University","Princeton, NJ",Coed,naacho@princeton.edu,Y,40.343625,-74.693953,1,place,,,,,Princeton,NJ,"Mercer County",08540,US,"TIGER/Line® dataset from the US Census Bureau"
"PSU JaDhoom","Pennsylvania State University","University Park, PA",Coed,psujadhoom@gmail.com,Y,40.799672,-77.862339,1,place,,,,,"University Park",PA,"Centre County",16802,US,"TIGER/Line® dataset from the US Census Bureau"
"Queen City Ishaare","University of North Carolina - Charlotte","Charlotte, NC",Coed,unccdanceteam@gmail.com,Y,35.26002,-80.804151,1,place,,,,,Charlotte,NC,"Mecklenburg County",28201,US,"TIGER/Line® dataset from the US Census Bureau"
"Rice Riyaaz","Rice University","Houston, TX",Coed,riceriyaaz@gmail.com,Y,29.813142,-95.309789,1,place,,,,,Houston,TX,"Harris County",77001,US,"TIGER/Line® dataset from the US Census Bureau"
"RPI Rounak","Rensselaer Polytechnic Institute","Rensselaer, NY",Coed,rpirounak@gmail.com,Y,42.64258,-73.7429,1,place,,,,,Rensselaer,NY,"Rensselaer County",12144,US,"TIGER/Line® dataset from the US Census Bureau"
"Rutgers Ehsaas","Rutgers University","Newark, NJ",Coed,ehsaasdance@gmail.com,Y,40.736101,-74.22509,1,place,,,,,Newark,NJ,"Essex County",07101,US,"TIGER/Line® dataset from the US Census Bureau"
"Rutgers SAPA","Rutgers University","New Brunswick, NJ",Coed,rusapa@gmail.com,Y,40.486754,-74.444395,1,place,,,,,"New Brunswick",NJ,"Middlesex County",08901,US,"TIGER/Line® dataset from the US Census Bureau"
"SBU Junoon","Stony Brook University","New York City, NY",Coed,sbujunoon@gmail.com,Y,40.68863,-74.018244,1,place,,,,,"New York",NY,"New York County",10004,US,"TIGER/Line® dataset from the US Census Bureau"
"SJSU Sahaara","San Jose State University","San José, CA",Coed,sahaara.sjsu@gmail.com,Y,37.189396,-121.705327,1,place,,,,,"San Jose",CA,"Santa Clara County",95101,US,"TIGER/Line® dataset from the US Census Bureau"
"SJU Raaz","St. John's University","Jamaica, NY",F,sjuraaz@gmail.com,Y,40.651378,-73.870779,1,place,,,,,Jamaica,NY,"Queens County",11405,US,"TIGER/Line® dataset from the US Census Bureau"
"SLU Shakti","Saint Louis University","St. Louis, MO ",Coed,slushakti@gmail.com,Y,38.631501,-90.19231,1,place,,,,,"Saint Louis",MO,"St. Louis city",63101,US,"TIGER/Line® dataset from the US Census Bureau"
"Spartan Badmaash","Michigan State University","East Lansing, MI",M,spartanbadmaash@gmail.com,Y,42.763888,-84.458771,1,place,,,,,"East Lansing",MI,"Ingham County",48823,US,"TIGER/Line® dataset from the US Census Bureau"
"Spartan Zaariya","Michigan State University","East Lansing, MI",Coed,msu.spartanzaariya@gmail.com,Y,42.763888,-84.458771,1,place,,,,,"East Lansing",MI,"Ingham County",48823,US,"TIGER/Line® dataset from the US Census Bureau"
"Tashan Dance Company","McGill University","Montreal, Canada",F,tashanperformingarts@gmail.com,Y,45.497216,-73.610364,0.8,place,,,,,Montreal,QC,,H3V,CA,"CanVec+ by Natural Resources Canada"
"TCNJ Saathiya","The College of New Jersey (TCNJ)","Ewingville, NJ",Coed,tcnjsaathiya@gmail.com,Y,40.284308,-74.717976,0.8,place,,,,,Ewingville,NJ,"Mercer County",08648,US,"TIGER/Line® dataset from the US Census Bureau"
"Temple Agni","Temple University","Philadelphia, PA",F,agni@temple.edu,Y,40.001811,-75.11787,1,place,,,,,Philadelphia,PA,"Philadelphia County",19019,US,"TIGER/Line® dataset from the US Census Bureau"
"Texas Mohini","University of Texas - Austin","Austin, TX",F,mohinidance@gmail.com,Y,30.326374,-97.771258,1,place,,,,,Austin,TX,"Travis County",73301,US,"TIGER/Line® dataset from the US Census Bureau"
"Texas Talaash","Univeristy of Texas - Austin ","Austin, TX",M,texastalash@gmail.com,Y,30.326374,-97.771258,1,place,,,,,Austin,TX,"Travis County",73301,US,"TIGER/Line® dataset from the US Census Bureau"
"Tufts Tamasha","Tufts University","Medford, MA ",F,tuftstamasha@gmail.com,Y,42.446396,-71.459405,1,place,,,,,Medford,MA,"Middlesex County",02153,US,"TIGER/Line® dataset from the US Census Bureau"
"Tulane Jazbaa","Tulane University","New Orleans, LA",Coed,tulanejazbaa@gmail.com,Y,29.958304,-90.077,1,place,,,,,"New Orleans",LA,"Orleans Parish",70112,US,"TIGER/Line® dataset from the US Census Bureau"
"TWU Chingaarii","Texas Women's University","Denton, TX ",F,chingaarii.dance@gmail.com,Y,33.220974,-97.146038,1,place,,,,,Denton,TX,"Denton County",76201,US,"TIGER/Line® dataset from the US Census Bureau"
"UAB Rangeela","University of Alabama - Birmingham","Birmingham, AL ",Coed,uabrangeela@gmail.com,Y,33.456412,-86.801904,1,place,,,,,Birmingham,AL,"Jefferson County",35201,US,"TIGER/Line® dataset from the US Census Bureau"
"UBC Junoon","University of British Columbia","Vancouver, Canada",Coed,ubcjunoon@gmail.com,Y,49.260872,-123.113953,0.8,place,,,,,Vancouver,BC,,V5Y,CA,"CanVec+ by Natural Resources Canada"
"UC Dhadak","University of Cincinnati","Cincinnati, OH",Coed,idt.dhadak@gmail.com,Y,39.166759,-84.53822,1,place,,,,,Cincinnati,OH,"Hamilton County",45201,US,"TIGER/Line® dataset from the US Census Bureau"
"UCB Azaad","University of California - Berkeley","Berkeley CA",Coed,ucb.azaad@gmail.com,Y,37.860576,-122.29673,1,place,,,,,Berkeley,CA,"Alameda County",94701,US,"TIGER/Line® dataset from the US Census Bureau"
"UCB Zahanat","University of California - Berkeley","Berkeley, CA ",M,ucberkeleyzahanat@gmail.com,Y,37.860576,-122.29673,1,place,,,,,Berkeley,CA,"Alameda County",94701,US,"TIGER/Line® dataset from the US Census Bureau"
"UCD Lashkara","University of California - Davis","Davis, CA",Coed,ucdlashkara@gmail.com,Y,38.55413,-121.798469,1,place,,,,,Davis,CA,"Yolo County",95616,US,"TIGER/Line® dataset from the US Census Bureau"
"UCI Zamana","University of California - Irvine","Irvine, CA",Coed,ucirvinezamana@gmail.com,Y,33.757245,-117.750414,1,place,,,,,Irvine,CA,"Orange County",92602,US,"TIGER/Line® dataset from the US Census Bureau"
"UCLA Nashaa","University of California - Los Angeles","Los Angeles, CA ",Coed,uclanashaa@gmail.com,Y,33.973951,-118.248405,1,place,,,,,"Los Angeles",CA,"Los Angeles County",90001,US,"TIGER/Line® dataset from the US Census Bureau"
"UConn Surya","University of Connecticut","Storrs, CT",F,uconnsurya@gmail.com,Y,41.801119,-72.245399,0.9,place,,,,,Storrs,CT,"Tolland County",06268,US,"TIGER/Line® dataset from the US Census Bureau"
"UCR Afsana","University of California - Riverside","Riverside, CA",Coed,ucrafsana@gmail.com,Y,33.99504,-117.373184,1,place,,,,,Riverside,CA,"Riverside County",92501,US,"TIGER/Line® dataset from the US Census Bureau"
"UCSB Taara","University of California - Santa Barbara","Santa Barbara, CA",F,ucsbtaara@gmail.com,Y,34.421897,-119.707135,1,place,,,,,"Santa Barbara",CA,"Santa Barbara County",93101,US,"TIGER/Line® dataset from the US Census Bureau"
"UCSC Kahaani","University of California - Santa Cruz","Santa Cruz, CA",Coed,ucsckahaani@gmail.com,Y,37.052748,-122.111126,1,place,,,,,"Santa Cruz",CA,"Santa Cruz County",95060,US,"TIGER/Line® dataset from the US Census Bureau"
"UCSD Zor","University of California - San Diego","La Jolla, CA",Coed,ucsdzor@gmail.com,Y,32.856347,-117.250058,1,place,,,,,"La Jolla",CA,"San Diego County",92037,US,"TIGER/Line® dataset from the US Census Bureau"
"UGA Asura","University of Georgia","Athens, GA ",Coed,ugaasura@gmail.com,Y,33.992902,-83.353697,1,place,,,,,Athens,GA,"Clarke County",30601,US,"TIGER/Line® dataset from the US Census Bureau"
"UGA Shikaari","University of Georgia","Athens, GA ",F,ugashikaari@gmail.com,Y,33.992902,-83.353697,1,place,,,,,Athens,GA,"Clarke County",30601,US,"TIGER/Line® dataset from the US Census Bureau"
"UIUC Fizaa","University of Illinois - Urbana Champaign","Champaign, IL",Coed,uiucfizaa@gmail.com,Y,40.10789,-88.244266,1,place,,,,,Champaign,IL,"Champaign County",61820,US,"TIGER/Line® dataset from the US Census Bureau"
"UMass Dhadak","University of Massachusetts - Amherst","Amherst, MA",Coed,umassdhadak@gmail.com,Y,42.367092,-72.464571,1,place,,,,,Amherst,MA,"Hampshire County",01002,US,"TIGER/Line® dataset from the US Census Bureau"
"UMBC Adaa","University of Maryland - Baltimore County","Baltimore, MD",Coed,adaa.dance@gmail.com,Y,39.296536,-76.623489,1,place,,,,,Baltimore,MD,"Baltimore city",21201,US,"TIGER/Line® dataset from the US Census Bureau"
"UNC Chalkaa","University of North Carolina - Chapel Hill","Chapel Hill, NC",Coed,unc.chalkaa@gmail.com,Y,36.004647,-79.054475,1,place,,,,,"Chapel Hill",NC,"Orange County",27514,US,"TIGER/Line® dataset from the US Census Bureau"
"USC Moksha","University of South Carolina","Columbia, SC",Coed,uscmoksha@gmail.com,Y,33.987454,-81.024864,1,place,,,,,Columbia,SC,"Richland County",29201,US,"TIGER/Line® dataset from the US Census Bureau"
"USC Zeher","University of Southern California","Los Angeles, CA",Coed,usczeher@gmail.com,Y,33.973951,-118.248405,1,place,,,,,"Los Angeles",CA,"Los Angeles County",90001,US,"TIGER/Line® dataset from the US Census Bureau"
"USci Dhadkan","University of the Sciences","Philadelphia, PA",Coed,usciencesdhadkan@gmail.com,Y,40.001811,-75.11787,1,place,,,,,Philadelphia,PA,"Philadelphia County",19019,US,"TIGER/Line® dataset from the US Census Bureau"
"UT Nach Baliye","University of Texas - Austin","Austin, TX",Coed,utnachbaliye@gmail.com,Y,30.326374,-97.771258,1,place,,,,,Austin,TX,"Travis County",73301,US,"TIGER/Line® dataset from the US Census Bureau"
"UT Punjabbawockeez","University of Texas - Austin","Austin, TX",M,punjabbawockeez@gmail.com,Y,30.326374,-97.771258,1,place,,,,,Austin,TX,"Travis County",73301,US,"TIGER/Line® dataset from the US Census Bureau"
"UT Saaya","University of Texas - Austin","Austin, TX ",Coed,saayadance@gmail.com,Y,30.326374,-97.771258,1,place,,,,,Austin,TX,"Travis County",73301,US,"TIGER/Line® dataset from the US Census Bureau"
"UTD Laksh","University of Texas - Dallas","Dallas, TX",Coed,utdlaksh@gmail.com,Y,32.781179,-96.790329,1,place,,,,,Dallas,TX,"Dallas County",75201,US,"TIGER/Line® dataset from the US Census Bureau"
"UTD Raftaar","Univeristy of Texas - Dallas","Dallas, TX",M,raftaardallas@gmail.com,Y,32.781179,-96.790329,1,place,,,,,Dallas,TX,"Dallas County",75201,US,"TIGER/Line® dataset from the US Census Bureau"
"UTK Mayuri","University of Tennessee Knoxville","Knoxville, TN",F,utkmayuri@gmail.com,Y,36.032334,-83.884804,1,place,,,,,Knoxville,TN,"Knox County",37901,US,"TIGER/Line® dataset from the US Census Bureau"
"UTSA Sapna","University of Texas - San Antonio","San Antonio, TX",F,utsasapna@gmail.com,Y,29.468413,-98.528889,1,place,,,,,"San Antonio",TX,"Bexar County",78201,US,"TIGER/Line® dataset from the US Census Bureau"
"UVA Sharaara","University of Virginia","Charlottesville, VA ",F,sharaara@virginia.edu,Y,38.026588,-78.48045,1,place,,,,,Charlottesville,VA,"Charlottesville city",22902,US,"TIGER/Line® dataset from the US Census Bureau"
"UW Kahaani","University of Washington","Seattle, WA",Coed,bkahaani@uw.edu,Y,47.432251,-121.803388,1,place,,,,,Seattle,WA,"King County",98060,US,"TIGER/Line® dataset from the US Census Bureau"
"VT Junoon","Virginia Tech","Blacksburg, VA",Coed,vtjunoon@gmail.com,Y,37.256283,-80.43473,1,place,,,,,Blacksburg,VA,"Montgomery County",24060,US,"TIGER/Line® dataset from the US Census Bureau"
"VT Virodh","Virginia Tech","Blacksburg, VA",M,vtvirodh@gmail.com,Y,37.256283,-80.43473,1,place,,,,,Blacksburg,VA,"Montgomery County",24060,US,"TIGER/Line® dataset from the US Census Bureau"
"VU Lakshya","Vanderbilt University","Nashville, TN",Coed,vulakshya@gmail.com,Y,36.165688,-86.778098,1,place,,,,,Nashville,TN,"Davidson County",37201,US,"TIGER/Line® dataset from the US Census Bureau"
"WashU Chaahat","Washington University of Saint Louis","St Louis, MO",Coed,washuchaahat@gmail.com,Y,38.631501,-90.19231,1,place,,,,,"Saint Louis",MO,"St. Louis city",63101,US,"TIGER/Line® dataset from the US Census Bureau"
"William & Mary Afsana","College of William and Mary","Williamsburg, VA ",Coed,afsana@email.wm.edu,Y,37.310451,-76.746769,1,place,,,,,Williamsburg,VA,"Williamsburg city",23186,US,"TIGER/Line® dataset from the US Census Bureau"
"Wisconsin Surma","University of Wisconsin Madison","Madison, WI",Coed,wisconsinsurma@gmail.com,Y,43.06956,-89.423861,1,place,,,,,Madison,WI,"Dane County",53701,US,"TIGER/Line® dataset from the US Census Bureau"
"WSU Warrior Jhatka","Wayne State University","Detroit, MI ",Coed,bollywoodjhatka@gmail.com,Y,42.347021,-83.060184,1,place,,,,,Detroit,MI,"Wayne County",48201,US,"TIGER/Line® dataset from the US Census Bureau"
"QC Fanaa","CUNY Queens College","Flushings, NY",F,qcfanaa@gmail.com,Y,40.780747,-73.825301,1,place,,,,,Flushing,NY,"Queens County",11351,US,"TIGER/Line® dataset from the US Census Bureau"
"Brandeis Chak De","Brandeis University","Waltham, MA",Coed,brandeischakde@gmail.com,Y,42.388938,-71.2398,1,place,,,,,Waltham,MA,"Middlesex County",02154,US,"TIGER/Line® dataset from the US Census Bureau"
"Arizona Angara","University of Arizona","Tucson, AZ",Coed,ua.angara@gmail.com,N,32.217975,-110.970869,1,place,,,,,Tucson,AZ,"Pima County",85701,US,"TIGER/Line® dataset from the US Census Bureau"
"EuphorEk Ada",-,"New York City, NY",F,euphorekada@gmail.com,N,40.68863,-74.018244,1,place,,,,,"New York",NY,"New York County",10004,US,"TIGER/Line® dataset from the US Census Bureau"
Garv,-,"Los Angeles, CA",Coed,,N,33.973951,-118.248405,1,place,,,,,"Los Angeles",CA,"Los Angeles County",90001,US,"TIGER/Line® dataset from the US Census Bureau"
"Georgia Tech Inteha","Georgia Institute of Technology","Atlanta, GA ",Coed,gtinteha@gmail.com,N,33.844371,-84.47405,1,place,,,,,Atlanta,GA,"Fulton County",30301,US,"TIGER/Line® dataset from the US Census Bureau"
"GU Bindaas","Georgetown University","Washington, DC",F,gubindaas@gmail.com,N,38.911936,-77.016719,1,place,,,,,Washington,DC,"District of Columbia",20001,US,"TIGER/Line® dataset from the US Census Bureau"
"MHC Jhumka","Mount Holyoke College","South Hadley, MA",F,mhc.jhumkies@gmail.com,N,42.24984,-72.58152,1,place,,,,,"South Hadley",MA,"Hampshire County",01075,US,"TIGER/Line® dataset from the US Census Bureau"
"MIT Chamak","Massachusetts Institute of Technology","Cambridge, MA",F,chamakboard@mit.edu,N,42.380442,-71.132947,1,place,,,,,Cambridge,MA,"Middlesex County",02138,US,"TIGER/Line® dataset from the US Census Bureau"
"Northwestern Anubhav","Northwestern University","Evanston, IL ",Coed,nufilmi@gmail.com,N,42.049148,-87.702155,1,place,,,,,Evanston,IL,"Cook County",60201,US,"TIGER/Line® dataset from the US Census Bureau"
"OSU Nashaa","Ohio State University","Columbus, OH",Coed,osunashaa@gmail.com,N,40.100924,-83.013402,1,place,,,,,Columbus,OH,"Franklin County",43085,US,"TIGER/Line® dataset from the US Census Bureau"
"Pitt Zisha","University of Pittsburgh","Pittsburgh, PA",F,zisha.pitt@gmail.com,N,40.47441,-79.950968,1,place,,,,,Pittsburgh,PA,"Allegheny County",15201,US,"TIGER/Line® dataset from the US Census Bureau"
"Ryerson Infuzion","Ryerson University","Toronto, Canada",Coed,saa.ryerson@gmail.com,N,43.653963,-79.387207,0.8,place,,,,,Toronto,ON,,M5G,CA,"CanVec+ by Natural Resources Canada"
"Stanford Dil Se","Stanford University","Stanford, CA",Coed,whatdoesyourdilse@gmail.com,N,37.42509,-122.1675,1,place,,,,,Stanford,CA,"Santa Clara County",94305,US,"TIGER/Line® dataset from the US Census Bureau"
"The Men of Dance Project",-,"Chicago, IL ",M,the.mod.project@gmail.com,N,41.88531,-87.62213,1,place,,,,,Chicago,IL,"Cook County",60601,US,"TIGER/Line® dataset from the US Census Bureau"
"UA Om Shanti","University of Arizona","Tucson, AZ",Coed,uaomshanti@gmail.com,N,32.217975,-110.970869,1,place,,,,,Tucson,AZ,"Pima County",85701,US,"TIGER/Line® dataset from the US Census Bureau"
"UCI Fidaa","University of California - Irvine","Irvine, CA",Coed,ucifidaa@gmail.com,N,33.757245,-117.750414,1,place,,,,,Irvine,CA,"Orange County",92602,US,"TIGER/Line® dataset from the US Census Bureau"
"UH Nuria","University of Houston","Houston, TX",Coed,uhnuriadance@gmail.com,N,29.813142,-95.309789,1,place,,,,,Houston,TX,"Harris County",77001,US,"TIGER/Line® dataset from the US Census Bureau"
"UIUC Haus of Chiefs","University of Illinois - Urbana Champaign","Champaign, IL",M,hausofchiefs@gmail.com,N,40.10789,-88.244266,1,place,,,,,Champaign,IL,"Champaign County",61820,US,"TIGER/Line® dataset from the US Census Bureau"
"USF Fizaa","University of South Florida","Tampa, FL ",F,usffizaa@gmail.com,N,27.996097,-82.582035,1,place,,,,,Tampa,FL,"Hillsborough County",33601,US,"TIGER/Line® dataset from the US Census Bureau"
"UT Jazba","University of Texas - Austin","Austin, TX",Coed,jazbadanceteam@gmail.com,N,30.326374,-97.771258,1,place,,,,,Austin,TX,"Travis County",73301,US,"TIGER/Line® dataset from the US Census Bureau"
"UTD Chalak","University of Texas - Dallas","Dallas, TX",Coed,chalakutd@gmail.com,N,32.781179,-96.790329,1,place,,,,,Dallas,TX,"Dallas County",75201,US,"TIGER/Line® dataset from the US Census Bureau"
"UTD Sharara","University of Texas - Dallas","Dallas, TX",Coed,shararautd@gmail.com,N,32.781179,-96.790329,1,place,,,,,Dallas,TX,"Dallas County",75201,US,"TIGER/Line® dataset from the US Census Bureau"
"VCU Jhoom","Virginia Commonwealth University","Richmond, VA",F,vcujhoomfusion@gmail.com,N,37.524246,-77.493157,1,place,,,,,Richmond,VA,"Richmond city",23218,US,"TIGER/Line® dataset from the US Census Bureau"
"Wanted Ashiqz",-,"New York City, NY",M,info@thewantedashiqz.com,N,40.68863,-74.018244,1,place,,,,,"New York",NY,"New York County",10004,US,"TIGER/Line® dataset from the US Census Bureau"
"Zara Dance Team",-,"Chicago, IL",F,zara.dance.team@gmail.com,N,41.88531,-87.62213,1,place,,,,,Chicago,IL,"Cook County",60601,US,"TIGER/Line® dataset from the US Census Bureau"
